{"cameraMode":{"drawMode":0,"name":"Shaded","section":"Shading Mode"},"sceneLighting":false,"audioPlay":false,"sceneViewState":{"m_AlwaysRefresh":false,"showFog":true,"showSkybox":false,"showFlares":true,"showImageEffects":true,"showParticleSystems":true,"showVisualEffectGraphs":true,"m_FxEnabled":true},"in2DMode":false,"pivot":{"x":0.3324894905090332,"y":3.7221059799194338,"z":-0.40507376194000246},"rotation":{"x":-0.09871149063110352,"y":0.6989609599113464,"z":-0.09836870431900025,"w":-0.7014753222465515},"size":4.3423967361450199,"orthographic":false}