{"cameraMode":{"drawMode":0,"name":"Shaded","section":"Shading Mode"},"sceneLighting":false,"audioPlay":false,"sceneViewState":{"m_AlwaysRefresh":false,"showFog":true,"showSkybox":false,"showFlares":true,"showImageEffects":true,"showParticleSystems":true,"showVisualEffectGraphs":true,"m_FxEnabled":true},"in2DMode":false,"pivot":{"x":1.5099999904632569,"y":-0.08999991416931153,"z":-1.9249999523162842},"rotation":{"x":0.0005029599997214973,"y":0.9969357848167419,"z":-0.07822989672422409,"w":0.0062894634902477268},"size":4.200222969055176,"orthographic":false}