{"cameraMode":{"drawMode":0,"name":"Shaded","section":"Shading Mode"},"sceneLighting":true,"audioPlay":false,"sceneViewState":{"m_AlwaysRefresh":false,"showFog":true,"showSkybox":true,"showFlares":true,"showImageEffects":true,"showParticleSystems":true,"showVisualEffectGraphs":true,"m_FxEnabled":true},"in2DMode":false,"pivot":{"x":0.20428287982940675,"y":0.1602616310119629,"z":0.20132336020469666},"rotation":{"x":-0.07911761105060578,"y":0.6877379417419434,"z":-0.07583341747522354,"w":-0.717668354511261},"size":1.0973615646362305,"orthographic":false}