{"cameraMode":{"drawMode":0,"name":"Shaded","section":"Shading Mode"},"sceneLighting":true,"audioPlay":false,"sceneViewState":{"m_AlwaysRefresh":false,"showFog":true,"showSkybox":true,"showFlares":true,"showImageEffects":true,"showParticleSystems":true,"showVisualEffectGraphs":true,"m_FxEnabled":true},"in2DMode":false,"pivot":{"x":-30.524349212646486,"y":0.5736227035522461,"z":0.0749707818031311},"rotation":{"x":-0.07911761105060578,"y":0.6877379417419434,"z":-0.07583341747522354,"w":-0.717668354511261},"size":0.8660253882408142,"orthographic":false}