{"cameraMode":{"drawMode":0,"name":"Shaded","section":"Shading Mode"},"sceneLighting":false,"audioPlay":false,"sceneViewState":{"m_AlwaysRefresh":false,"showFog":true,"showSkybox":false,"showFlares":true,"showImageEffects":true,"showParticleSystems":true,"showVisualEffectGraphs":true,"m_FxEnabled":true},"in2DMode":false,"pivot":{"x":0.10779547691345215,"y":5.903282165527344,"z":0.7468340396881104},"rotation":{"x":0.0002628295624163002,"y":0.99960857629776,"z":-0.009306061081588269,"w":0.027305277064442636},"size":10.496127128601075,"orthographic":false}